"beginTime";"peakTime";"endTime";"classType";"classTypeNumber";"sourceLocation";"lat";"lon";"farestStartDate";"farestEndDate"
"2010-04-03T09:04Z";"2010-04-03T09:54Z";"2010-04-03T10:58Z";"B7.4";17,4;"S25W03";"-25";"-03";"2010-01-01T00:00Z";"2017-04-27T00:00Z"
"2010-06-12T00:30Z";"2010-06-12T00:57Z";"2010-06-12T01:02Z";"M2.0";32;"N22W43";"+22";"-43";NA;NA
"2010-08-07T17:55Z";"2010-08-07T18:24Z";"2010-08-07T18:47Z";"M1.0";31;"N14E37";"+14";"+37";NA;NA
"2010-08-14T09:38Z";"2010-08-14T10:05Z";"2010-08-14T10:31Z";"C4.4";24,4;"N11W65";"+11";"-65";NA;NA
"2010-08-18T04:45Z";"2010-08-18T05:48Z";"2010-08-18T06:51Z";"C4.5";24,5;"N18W88";"+18";"-88";NA;NA
"2010-10-16T19:07Z";"2010-10-16T19:12Z";"2010-10-16T19:15Z";"M2.9";32,9;"S20W26";"-20";"-26";NA;NA
"2011-01-28T00:44Z";"2011-01-28T01:03Z";"2011-01-28T01:10Z";"M1.3";31,3;"N17W88";"+17";"-88";NA;NA
"2011-02-09T01:23Z";"2011-02-09T01:31Z";"2011-02-09T01:35Z";"M1.9";31,9;"N16W70";"+16";"-70";NA;NA
"2011-02-13T17:28Z";"2011-02-13T17:38Z";"2011-02-13T17:47Z";"M6.6";36,6;"S20E04";"-20";"+04";NA;NA
"2011-02-14T17:20Z";"2011-02-14T17:26Z";"2011-02-14T17:32Z";"M2.2";32,2;"S20W04";"-20";"-04";NA;NA
"2011-02-15T01:44Z";"2011-02-15T01:56Z";"2011-02-15T02:06Z";"X2.2";42,2;"S20W10";"-20";"-10";NA;NA
"2011-02-16T01:32Z";"2011-02-16T01:39Z";"2011-02-16T01:46Z";"M1.0";31;"S21W28";"-21";"-28";NA;NA
"2011-02-18T09:55Z";"2011-02-18T10:11Z";"2011-02-18T10:15Z";"M6.6";36,6;"S20W63";"-20";"-63";NA;NA
"2011-02-24T07:23Z";"2011-02-24T07:35Z";"2011-02-24T07:42Z";"M3.5";33,5;"N14E87";"+14";"+87";NA;NA
"2011-02-28T12:38Z";"2011-02-28T12:52Z";"2011-02-28T13:03Z";"M1.1";31,1;"N28E39";"+28";"+39";NA;NA
"2011-03-07T13:44Z";"2011-03-07T14:30Z";"2011-03-07T15:08Z";"M2.0";32;"N11E21";"+11";"+21";NA;NA
"2011-03-07T19:43Z";"2011-03-07T20:12Z";"2011-03-07T21:40Z";"M3.7";33,7;"N30W48";"+30";"-48";NA;NA
"2011-03-08T02:24Z";"2011-03-08T02:29Z";"2011-03-08T02:32Z";"M1.3";31,3;"S18W80";"-18";"-80";NA;NA
"2011-03-08T03:37Z";"2011-03-08T03:58Z";"2011-03-08T04:20Z";"M1.5";31,5;"S21E72";"-21";"+72";NA;NA
"2011-03-08T10:35Z";"2011-03-08T10:44Z";"2011-03-08T10:55Z";"M5.3";35,3;"S17W88";"-17";"-88";NA;NA
"2011-03-09T23:13Z";"2011-03-09T23:23Z";"2011-03-09T23:29Z";"X1.5";41,5;"N11W14";"+11";"-14";NA;NA
"2011-06-07T06:16Z";"2011-06-07T06:41Z";"2011-06-07T06:59Z";"M2.5";32,5;"S22W53";"-22";"-53";NA;NA
"2011-07-30T02:05Z";"2011-07-30T02:09Z";"2011-07-30T02:12Z";"M9.3";39,3;"N16E33";"+16";"+33";NA;NA
"2011-08-03T13:17Z";"2011-08-03T13:48Z";"2011-08-03T14:10Z";"M6.0";36;"N17W29";"+17";"-29";NA;NA
"2011-08-04T03:41Z";"2011-08-04T03:57Z";"2011-08-04T04:04Z";"M9.3";39,3;"N15W39";"+15";"-39";NA;NA
"2011-08-09T07:48Z";"2011-08-09T08:05Z";"2011-08-09T08:08Z";"X6.9";46,9;"N17W69";"+17";"-69";NA;NA
"2011-09-06T01:35Z";"2011-09-06T01:50Z";"2011-09-06T02:05Z";"M5.3";35,3;"N14W04";"+14";"-04";NA;NA
"2011-09-06T22:12Z";"2011-09-06T22:20Z";"2011-09-06T22:24Z";"X2.1";42,1;"N14W17";"+14";"-17";NA;NA
"2011-09-07T22:32Z";"2011-09-07T22:38Z";"2011-09-07T22:44Z";"X1.8";41,8;"N15W31";"+15";"-31";NA;NA
"2011-09-08T15:32Z";"2011-09-08T15:46Z";"2011-09-08T15:52Z";"M6.7";36,7;"N15W40";"+15";"-40";NA;NA
"2011-09-22T10:29Z";"2011-09-22T11:01Z";"2011-09-22T11:44Z";"X1.4";41,4;"N09E89";"+09";"+89";NA;NA
"2011-09-24T09:21Z";"2011-09-24T09:40Z";"2011-09-24T09:48Z";"X1.9";41,9;"N13E61";"+13";"+61";NA;NA
"2011-09-24T12:33Z";"2011-09-24T13:20Z";"2011-09-24T14:10Z";"M7.1";37,1;"N13E58";"+13";"+58";NA;NA
"2011-09-24T20:29Z";"2011-09-24T20:36Z";"2011-09-24T20:42Z";"M5.8";35,8;"N13E55";"+13";"+55";NA;NA
"2011-09-25T04:31Z";"2011-09-25T04:50Z";"2011-09-25T05:05Z";"M8.8";38,8;"N11E47";"+11";"+47";NA;NA
"2011-11-03T20:16Z";"2011-11-03T20:27Z";"2011-11-03T20:32Z";"X1.9";41,9;"N18E51";"+18";"+51";NA;NA
"2012-01-23T03:38Z";"2012-01-23T03:59Z";"2012-01-23T04:34Z";"M8.7";38,7;"N28W20";"+28";"-20";NA;NA
"2012-01-27T17:37Z";"2012-01-27T18:37Z";"2012-01-27T18:56Z";"X1.8";41,8;"N31W90";"+31";"-90";NA;NA
"2012-03-05T03:30Z";"2012-03-05T04:05Z";"2012-03-05T04:43Z";"X1.1";41,1;"N19W58";"+19";"-58";NA;NA
"2012-03-07T00:02Z";"2012-03-07T00:24Z";"2012-03-07T00:40Z";"X5.4";45,4;"N18E31";"+18";"+31";NA;NA
"2012-03-07T01:05Z";"2012-03-07T01:14Z";"2012-03-07T01:23Z";"X1.3";41,3;"N17E27";"+17";"+27";NA;NA
"2012-03-09T03:22Z";"2012-03-09T03:53Z";"2012-03-09T04:18Z";"M6.3";36,3;"N17E02";"+17";"+02";NA;NA
"2012-03-10T14:43Z";"2012-03-10T15:52Z";"2012-03-10T16:16Z";"C8.0";28;"N20W39";"+20";"-39";NA;NA
"2012-03-10T17:15Z";"2012-03-10T17:27Z";"2012-03-10T17:32Z";"M5.4";35,4;"N18W22";"+18";"-22";NA;NA
"2012-03-10T17:32Z";"2012-03-10T17:44Z";"2012-03-10T18:30Z";"M8.4";38,4;"N18W22";"+18";"-22";NA;NA
"2012-03-13T16:21Z";"2012-03-13T17:41Z";"2012-03-13T18:25Z";"M7.9";37,9;"N18W59";"+18";"-59";NA;NA
"2012-05-10T04:11Z";"2012-05-10T04:18Z";"2012-05-10T04:23Z";"M5.7";35,7;"N15E20";"+15";"+20";NA;NA
"2012-05-17T00:30Z";"2012-05-17T01:47Z";"2012-05-17T02:14Z";"M5.1";35,1;"N06W90";"+06";"-90";NA;NA
"2012-06-13T11:29Z";"2012-06-13T13:17Z";"2012-06-13T14:31Z";"M1.2";31,2;"S18E21";"-18";"+21";NA;NA
"2012-06-14T12:52Z";"2012-06-14T14:35Z";"2012-06-14T15:56Z";"M1.9";31,9;"S17W00";"-17";"-00";NA;NA
"2012-07-02T10:43Z";"2012-07-02T10:52Z";"2012-07-02T10:57Z";"M5.6";35,6;"S16E16";"-16";"+16";NA;NA
"2012-07-04T09:47Z";"2012-07-04T09:55Z";"2012-07-04T09:57Z";"M5.3";35,3;"S16W18";"-16";"-18";NA;NA
"2012-07-05T11:39Z";"2012-07-05T11:44Z";"2012-07-05T11:49Z";"M6.1";36,1;"S18W32";"-18";"-32";NA;NA
"2012-07-06T23:01Z";"2012-07-06T23:08Z";"2012-07-06T23:14Z";"X1.1";41,1;"S17W50";"-17";"-50";NA;NA
"2012-07-08T16:23Z";"2012-07-08T16:32Z";"2012-07-08T16:42Z";"M6.9";36,9;"S17W74";"-17";"-74";NA;NA
"2012-07-12T15:37Z";"2012-07-12T16:49Z";"2012-07-12T17:30Z";"X1.4";41,4;"S14W02";"-14";"-02";NA;NA
"2012-07-17T12:03Z";"2012-07-17T17:15Z";"2012-07-17T19:04Z";"M1.8";31,8;"S15W88";"-15";"-88";NA;NA
"2012-07-19T04:17Z";"2012-07-19T05:58Z";"2012-07-19T06:56Z";"M7.7";37,7;"S17W91";"-17";"-91";NA;NA
"2012-07-28T20:44Z";"2012-07-28T20:56Z";"2012-07-28T21:04Z";"M6.2";36,2;"S20E49";"-20";"+49";NA;NA
"2012-08-18T00:24Z";"2012-08-18T01:02Z";"2012-08-18T01:07Z";"M5.5";35,5;"N20W87";"+20";"-87";NA;NA
"2012-08-31T19:45Z";"2012-08-31T20:43Z";"2012-08-31T21:51Z";"C8.4";28,4;"N03E08";"+03";"+08";NA;NA
"2012-09-27T23:36Z";"2012-09-27T23:57Z";"2012-09-28T00:34Z";"C3.7";23,7;"N09W26";"+09";"-26";NA;NA
"2012-10-20T18:05Z";"2012-10-20T18:14Z";"2012-10-20T18:19Z";"M9.1";39,1;"S12E88";"-12";"+88";NA;NA
"2012-10-22T18:38Z";"2012-10-22T18:51Z";"2012-10-22T19:01Z";"M5.0";35;"S12E60";"-12";"+60";NA;NA
"2012-10-23T03:13Z";"2012-10-23T03:17Z";"2012-10-23T03:21Z";"X1.8";41,8;"S12E58";"-12";"+58";NA;NA
"2012-11-08T02:09Z";"2012-11-08T02:23Z";"2012-11-08T04:40Z";"M1.7";31,7;"S10E70";"-10";"+70";NA;NA
"2012-11-13T01:58Z";"2012-11-13T02:04Z";NA;"M6.0";36;"S25E46";"-25";"+46";NA;NA
"2012-11-20T12:36Z";"2012-11-20T12:41Z";"2012-11-20T12:46Z";"M1.7";31,7;"N06E20";"+06";"+20";NA;NA
"2012-11-21T15:10Z";"2012-11-21T15:30Z";"2012-11-21T15:38Z";"M3.5";33,5;"N08W00";"+08";"-00";NA;NA
"2013-03-15T05:51Z";"2013-03-15T06:58Z";"2013-03-15T14:30Z";"M1.2";31,2;"N20E08";"+20";"+08";NA;NA
"2013-04-11T06:55Z";"2013-04-11T07:16Z";"2013-04-11T07:29Z";"M6.5";36,5;"N07E13";"+07";"+13";NA;NA
"2013-05-03T17:24Z";"2013-05-03T17:32Z";"2013-05-03T17:41Z";"M5.7";35,7;"N15E85";"+15";"+85";NA;NA
"2013-05-13T01:53Z";"2013-05-13T02:17Z";"2013-05-13T02:32Z";"X1.6";41,6;"N10E89";"+10";"+89";NA;NA
"2013-05-13T15:40Z";"2013-05-13T16:05Z";"2013-05-13T16:16Z";"X2.8";42,8;"N10E89";"+10";"+89";NA;NA
"2013-05-14T01:00Z";"2013-05-14T01:11Z";"2013-05-14T01:20Z";"X3.2";43,2;"N10E89";"+10";"+89";NA;NA
"2013-05-15T01:25Z";"2013-05-15T01:48Z";"2013-05-15T01:58Z";"X1.2";41,2;"N11E63";"+11";"+63";NA;NA
"2013-05-22T12:30Z";"2013-05-22T13:38Z";"2013-05-22T17:10Z";"M5.0";35;"N13W75";"+13";"-75";NA;NA
"2013-06-07T22:32Z";"2013-06-07T22:49Z";"2013-06-07T23:04Z";"M5.9";35,9;"S28W85";"-28";"-85";NA;NA
"2013-06-21T02:30Z";"2013-06-21T03:14Z";"2013-06-21T03:43Z";"M2.9";32,9;"S14E37";"-14";"+37";NA;NA
"2013-10-22T00:14Z";"2013-10-22T00:22Z";"2013-10-22T00:28Z";"M1.0";31;"N06E16";"+06";"+16";NA;NA
"2013-10-22T14:49Z";"2013-10-22T15:20Z";"2013-10-22T15:28Z";"M1.0";31;"N05E08";"+05";"+08";NA;NA
"2013-10-22T21:15Z";"2013-10-22T21:20Z";"2013-10-22T21:32Z";"M4.3";34,3;"N05E03";"+05";"+03";NA;NA
"2013-10-24T00:22Z";"2013-10-24T00:30Z";"2013-10-24T00:35Z";"M9.3";39,3;"S13E09";"-13";"+09";NA;NA
"2013-10-25T07:53Z";"2013-10-25T08:01Z";"2013-10-25T08:09Z";"X1.7";41,7;"S08E73";"-08";"+73";NA;NA
"2013-10-25T14:52Z";"2013-10-25T15:03Z";"2013-10-25T15:12Z";"X2.1";42,1;"S08E65";"-08";"+65";NA;NA
"2013-10-26T19:24Z";"2013-10-26T19:27Z";"2013-10-26T19:30Z";"M3.1";33,1;"S09E77";"-09";"+77";NA;NA
"2013-10-26T19:49Z";"2013-10-26T19:53Z";"2013-10-26T19:58Z";"M1.0";31;"S08E46";"-08";"+46";NA;NA
"2013-10-28T04:32Z";"2013-10-28T04:41Z";"2013-10-28T04:46Z";"M5.1";35,1;"N07W65";"+07";"-65";NA;NA
"2013-10-29T21:48Z";"2013-10-29T21:54Z";"2013-10-29T22:01Z";"X2.3";42,3;"N07W89";"+07";"-89";NA;NA
"2013-11-01T19:46Z";"2013-11-01T19:53Z";"2013-11-01T19:58Z";"M6.3";36,3;"S12E01";"-12";"+01";NA;NA
"2013-11-05T22:08Z";"2013-11-05T22:12Z";"2013-11-05T22:15Z";"X3.3";43,3;"S09E37";"-09";"+37";NA;NA
"2013-11-08T04:20Z";"2013-11-08T04:26Z";"2013-11-08T04:29Z";"X1.1";41,1;"S10E11";"-10";"+11";NA;NA
"2013-11-10T05:08Z";"2013-11-10T05:14Z";"2013-11-10T05:18Z";"X1.1";41,1;"S11W16";"-11";"-16";NA;NA
"2013-11-19T10:14Z";"2013-11-19T10:26Z";"2013-11-19T10:34Z";"X1.0";41;"S13W69";"-13";"-69";NA;NA
"2013-12-29T07:49Z";"2013-12-29T07:56Z";"2013-12-29T08:00Z";"M3.1";33,1;"S16W01";"-16";"-01";NA;NA
"2013-12-31T21:43Z";"2013-12-31T21:58Z";"2013-12-31T22:20Z";"M6.4";36,4;"S16W34";"-16";"-34";NA;NA
"2014-01-01T18:40Z";"2014-01-01T18:52Z";"2014-01-01T19:03Z";"M9.9";39,9;"S16W36";"-16";"-36";NA;NA
"2014-01-02T02:24Z";"2014-01-02T02:33Z";"2014-01-02T02:56Z";"M1.7";31,7;"S05E89";"-05";"+89";NA;NA
"2014-01-02T22:12Z";"2014-01-02T22:18Z";"2014-01-02T22:22Z";"M1.2";31,2;"S05E65";"-05";"+65";NA;NA
"2014-01-03T12:41Z";"2014-01-03T12:50Z";"2014-01-03T12:54Z";"M1.0";31;"S04E52";"-04";"+52";NA;NA
"2014-01-03T21:00Z";"2014-01-03T21:14Z";"2014-01-03T21:40Z";"M1.1";31,1;"S04E52";"-04";"+52";NA;NA
"2014-01-04T10:16Z";"2014-01-04T10:25Z";"2014-01-04T10:41Z";"M1.3";31,3;"S09E41";"-09";"+41";NA;NA
"2014-01-04T18:47Z";"2014-01-04T19:46Z";"2014-01-04T20:23Z";"M4.0";34;"S11E33";"-11";"+33";NA;NA
"2014-01-04T22:12Z";"2014-01-04T22:52Z";"2014-01-04T23:22Z";"M1.9";31,9;"S14W89";"-14";"-89";NA;NA
"2014-01-07T03:49Z";"2014-01-07T03:53Z";"2014-01-07T03:56Z";"M1.0";31;"N07E08";"+07";"+08";NA;NA
"2014-01-07T10:07Z";"2014-01-07T10:13Z";"2014-01-07T10:37Z";"M7.2";37,2;"S13E13";"-13";"+13";NA;NA
"2014-01-07T18:02Z";"2014-01-07T18:32Z";"2014-01-07T18:58Z";"X1.2";41,2;"S15W10";"-15";"-10";NA;NA
"2014-01-08T03:39Z";"2014-01-08T03:47Z";"2014-01-08T03:54Z";"M3.6";33,6;"N11W88";"+11";"-88";NA;NA
"2014-01-13T21:48Z";"2014-01-13T21:51Z";"2014-01-13T21:53Z";"M1.3";31,3;"S08W75";"-08";"-75";NA;NA
"2014-01-14T06:33Z";"2014-01-14T06:39Z";"2014-01-14T06:44Z";"M2.1";32,1;"S14E54";"-14";"+54";NA;NA
"2014-01-27T01:05Z";"2014-01-27T01:21Z";"2014-01-27T01:39Z";"M1.0";31;"S16E88";"-16";"+88";NA;NA
"2014-01-27T02:02Z";"2014-01-27T02:10Z";"2014-01-27T02:18Z";"M1.1";31,1;"S13E88";"-13";"+88";NA;NA
"2014-01-28T04:02Z";"2014-01-28T04:09Z";"2014-01-28T04:13Z";"M1.5";31,5;"S14E74";"-14";"+74";NA;NA
"2014-01-28T07:25Z";"2014-01-28T07:31Z";"2014-01-28T07:34Z";"M3.6";33,6;"S14E74";"-14";"+74";NA;NA
"2014-01-28T11:34Z";"2014-01-28T11:38Z";"2014-01-28T11:41Z";"M1.4";31,4;"S14E73";"-14";"+73";NA;NA
"2014-01-28T12:50Z";"2014-01-28T12:46Z";"2014-01-28T12:50Z";"M1.3";31,3;"S14E72";"-14";"+72";NA;NA
"2014-01-28T15:25Z";"2014-01-28T15:26Z";"2014-01-28T15:29Z";"M3.5";33,5;"S14E72";"-14";"+72";NA;NA
"2014-01-28T19:37Z";"2014-01-28T19:40Z";"2014-01-28T19:46Z";"M4.9";34,9;"S14E72";"-14";"+72";NA;NA
"2014-01-28T22:04Z";"2014-01-28T22:16Z";"2014-01-28T22:20Z";"M2.6";32,6;"S14E72";"-14";"+72";NA;NA
"2014-01-30T07:54Z";"2014-01-30T08:11Z";"2014-01-30T08:41Z";"M1.1";31,1;"S14E45";"-14";"+45";NA;NA
"2014-01-30T15:48Z";"2014-01-30T16:11Z";"2014-01-30T16:28Z";"M6.6";36,6;"S12E61";"-12";"+61";NA;NA
"2014-01-31T15:32Z";"2014-01-31T15:42Z";"2014-01-31T15:53Z";"M1.1";31,1;"N07E34";"+07";"+34";NA;NA
"2014-02-01T01:19Z";"2014-02-01T01:25Z";"2014-02-01T01:38Z";"M1.0";31;"S10E26";"-10";"+26";NA;NA
"2014-02-01T07:14Z";"2014-02-01T07:23Z";"2014-02-01T07:45Z";"M3.0";33;"S10E22";"-10";"+22";NA;NA
"2014-02-02T06:24Z";"2014-02-02T06:34Z";"2014-02-02T06:37Z";"M2.6";32,6;"N12E18";"+12";"+18";NA;NA
"2014-02-02T07:17Z";"2014-02-02T08:20Z";"2014-02-02T08:29Z";"M2.2";32,2;"S11E13";"-11";"+13";NA;NA
"2014-02-02T09:24Z";"2014-02-02T09:31Z";"2014-02-02T09:36Z";"M4.4";34,4;"S10E14";"-10";"+14";NA;NA
"2014-02-02T14:01Z";"2014-02-02T14:06Z";"2014-02-02T14:09Z";"M1.3";31,3;"N12E14";"+12";"+14";NA;NA
"2014-02-02T16:24Z";"2014-02-02T16:36Z";"2014-02-02T16:29Z";"M1.0";31;"N09E06";"+09";"+06";NA;NA
"2014-02-02T18:05Z";"2014-02-02T18:18Z";"2014-02-02T18:11Z";"M3.1";33,1;"S10E08";"-10";"+08";NA;NA
"2014-02-02T21:24Z";"2014-02-02T22:14Z";"2014-02-02T22:04Z";"M1.3";31,3;"S10E01";"-10";"+01";NA;NA
"2014-02-04T01:16Z";"2014-02-04T01:23Z";"2014-02-04T01:31Z";"M3.8";33,8;"S09W13";"-09";"-13";NA;NA
"2014-02-04T02:40Z";"2014-02-04T03:06Z";"2014-02-04T03:48Z";"M1.2";31,2;"S15W03";"-15";"-03";NA;NA
"2014-02-04T03:57Z";"2014-02-04T04:00Z";"2014-02-04T04:06Z";"M5.2";35,2;"S14W07";"-14";"-07";NA;NA
"2014-02-04T09:38Z";"2014-02-04T09:49Z";"2014-02-04T09:58Z";"M1.4";31,4;"S14W12";"-14";"-12";NA;NA
"2014-02-04T15:25Z";"2014-02-04T16:02Z";"2014-02-04T16:49Z";"M1.5";31,5;"S14W12";"-14";"-12";NA;NA
"2014-02-05T16:11Z";"2014-02-05T16:20Z";"2014-02-05T16:42Z";"M1.3";31,3;"S10W36";"-10";"-36";NA;NA
"2014-02-06T22:56Z";"2014-02-06T23:03Z";"2014-02-06T23:05Z";"M1.5";31,5;"S14W48";"-14";"-48";NA;NA
"2014-02-07T04:47Z";"2014-02-07T04:53Z";"2014-02-07T04:56Z";"M2.0";32;"S15W50";"-15";"-50";NA;NA
"2014-02-07T10:25Z";"2014-02-07T10:29Z";"2014-02-07T10:31Z";"M1.9";31,9;"N12W53";"+12";"-53";NA;NA
"2014-02-09T15:40Z";"2014-02-09T16:14Z";"2014-02-09T16:52Z";"M1.0";31;"S16E88";"-16";"+88";NA;NA
"2014-02-11T03:22Z";"2014-02-11T03:31Z";"2014-02-11T03:39Z";"M1.7";31,7;"S13E16";"-13";"+16";NA;NA
"2014-02-11T16:34Z";"2014-02-11T16:51Z";"2014-02-11T17:30Z";"M1.8";31,8;"S13E16";"-13";"+16";NA;NA
"2014-02-12T03:52Z";"2014-02-12T04:25Z";"2014-02-12T04:38Z";"M3.7";33,7;"S13E00";"-13";"+00";NA;NA
"2014-02-12T06:54Z";"2014-02-12T06:58Z";"2014-02-12T07:04Z";"M2.3";32,3;"S14W04";"-14";"-04";NA;NA
"2014-02-12T15:41Z";"2014-02-12T15:51Z";"2014-02-12T16:15Z";"M2.1";32,1;"S10W04";"-10";"-04";NA;NA
"2014-02-13T01:32Z";"2014-02-13T01:40Z";"2014-02-13T01:50Z";"M1.8";31,8;"S12W09";"-12";"-09";NA;NA
"2014-02-13T02:41Z";"2014-02-13T02:51Z";"2014-02-13T03:04Z";"M1.0";31;"S11W10";"-11";"-10";NA;NA
"2014-02-13T05:49Z";"2014-02-13T06:07Z";"2014-02-13T06:13Z";"M1.7";31,7;"S11W11";"-11";"-11";NA;NA
"2014-02-13T08:05Z";"2014-02-13T08:12Z";"2014-02-13T08:19Z";"M1.8";31,8;"S11W11";"-11";"-11";NA;NA
"2014-02-13T15:45Z";"2014-02-13T15:57Z";"2014-02-13T16:06Z";"M1.4";31,4;"S11W16";"-11";"-16";NA;NA
"2014-02-14T02:40Z";"2014-02-14T02:53Z";"2014-02-14T02:57Z";"M2.3";32,3;"S11W24";"-11";"-24";NA;NA
"2014-02-14T12:29Z";"2014-02-14T12:40Z";"2014-02-14T12:45Z";"M1.6";31,6;"S14W35";"-14";"-35";NA;NA
"2014-02-14T13:21Z";"2014-02-14T13:28Z";"2014-02-14T13:39Z";"M1.1";31,1;"S12W30";"-12";"-30";NA;NA
"2014-02-14T16:33Z";"2014-02-14T16:39Z";"2014-02-14T16:42Z";"M1.0";31;"S12W39";"-12";"-39";NA;NA
"2014-02-23T05:50Z";"2014-02-23T06:09Z";"2014-02-23T06:36Z";"M1.1";31,1;"S16E88";"-16";"+88";NA;NA
"2014-02-25T00:41Z";"2014-02-25T00:49Z";"2014-02-25T01:03Z";"X4.9";44,9;"S15E77";"-15";"+77";NA;NA
"2014-02-26T14:52Z";"2014-02-26T15:01Z";"2014-02-26T15:10Z";"M1.1";31,1;"S12W45";"-12";"-45";NA;NA
"2014-02-28T00:44Z";"2014-02-28T00:48Z";"2014-02-28T00:50Z";"M1.1";31,1;"S22E52";"-22";"+52";NA;NA
"2014-03-08T23:26Z";"2014-03-08T23:41Z";"2014-03-08T00:30Z";"M1.4";31,4;"S18E64";"-18";"+64";NA;NA
"2014-03-09T13:52Z";"2014-03-09T13:58Z";"2014-03-09T14:05Z";"M1.0";31;"S19E54";"-19";"+54";NA;NA
"2014-03-09T20:13Z";"2014-03-09T20:28Z";"2014-03-09T20:35Z";"M1.0";31;"S18E53";"-18";"+53";NA;NA
"2014-03-10T00:19Z";"2014-03-10T00:26Z";"2014-03-10T00:33Z";"M1.1";31,1;"S18E51";"-18";"+51";NA;NA
"2014-03-10T15:21Z";"2014-03-10T15:28Z";"2014-03-10T15:32Z";"M1.7";31,7;"S17E41";"-17";"+41";NA;NA
"2014-03-10T22:45Z";"2014-03-10T23:00Z";"2014-03-10T23:12Z";"M1.4";31,4;"N14W49";"+14";"-49";NA;NA
"2014-03-11T03:44Z";"2014-03-11T03:50Z";"2014-03-11T03:56Z";"M3.5";33,5;"N14W52";"+14";"-52";NA;NA
"2014-03-11T11:59Z";"2014-03-11T12:07Z";"2014-03-11T12:17Z";"M1.7";31,7;"S28W90";"-28";"-90";NA;NA
"2014-03-12T10:55Z";"2014-03-12T11:05Z";"2014-03-12T11:11Z";"M2.5";32,5;"N14W70";"+14";"-70";NA;NA
"2014-03-12T22:28Z";"2014-03-12T22:34Z";"2014-03-12T22:39Z";"M9.3";39,3;"N14W76";"+14";"-76";NA;NA
"2014-03-13T19:03Z";"2014-03-13T19:19Z";"2014-03-13T19:30Z";"M1.2";31,2;"N15W87";"+15";"-87";NA;NA
"2014-03-20T03:42Z";"2014-03-20T03:56Z";"2014-03-20T04:08Z";"M1.7";31,7;"S12E36";"-12";"+36";NA;NA
"2014-03-22T06:58Z";"2014-03-22T07:02Z";"2014-03-22T07:05Z";"M1.1";31,1;"S09W69";"-09";"-69";NA;NA
"2014-03-28T19:04Z";"2014-03-28T19:18Z";"2014-03-28T19:27Z";"M2.0";32;"N10W20";"+10";"-20";NA;NA
"2014-03-28T23:44Z";"2014-03-28T23:51Z";"2014-03-29T00:05Z";"M2.6";32,6;"N10W22";"+10";"-22";NA;NA
"2014-03-29T17:36Z";"2014-03-29T17:48Z";"2014-03-29T17:54Z";"X1.0";41;"N10W32";"+10";"-32";NA;NA
"2014-03-30T11:48Z";"2014-03-30T11:55Z";"2014-03-30T12:02Z";"M2.1";32,1;"N10W42";"+10";"-42";NA;NA
"2014-03-31T07:20Z";"2014-03-31T08:07Z";"2014-03-31T08:18Z";"M1.4";31,4;"S13W76";"-13";"-76";NA;NA
"2014-04-02T13:18Z";"2014-04-02T14:05Z";"2014-04-02T14:28Z";"M6.5";36,5;"N12E53";"+12";"+53";NA;NA
"2014-04-16T19:54Z";"2014-04-16T19:59Z";"2014-04-16T20:04Z";"M1.0";31;"S14E09";"-14";"+09";NA;NA
"2014-04-18T12:31Z";"2014-04-18T13:03Z";"2014-04-18T13:20Z";"M7.3";37,3;"S18W29";"-18";"-29";NA;NA
"2014-04-22T05:25Z";"2014-04-22T05:47Z";"2014-04-22T06:06Z";"C3.6";23,6;"S10W20";"-10";"-20";NA;NA
"2014-04-25T00:17Z";"2014-04-25T00:27Z";"2014-04-25T00:38Z";"X1.3";41,3;"S14W29";"-14";"-29";NA;NA
"2014-05-06T08:40Z";"2014-05-06T09:03Z";"2014-05-06T09:24Z";"M1.8";31,8;"S13W87";"-13";"-87";NA;NA
"2014-05-06T22:01Z";"2014-05-06T22:09Z";"2014-05-06T22:20Z";"M1.0";31;"S09W91";"-09";"-91";NA;NA
"2014-05-07T16:07Z";"2014-05-07T16:29Z";"2014-05-07T13:03Z";"M1.2";31,2;"S12W90";"-12";"-90";NA;NA
"2014-05-08T09:59Z";"2014-05-08T10:07Z";"2014-05-08T10:18Z";"M5.2";35,2;"N05E55";"+05";"+55";NA;NA
"2014-05-24T18:26Z";"2014-05-24T18:35Z";"2014-05-24T18:44Z";"M1.3";31,3;"S18W65";"-18";"-65";NA;NA
"2014-06-03T03:58Z";"2014-06-03T04:09Z";"2014-06-03T04:17Z";"M1.3";31,3;"S06E30";"-06";"+30";NA;NA
"2014-06-06T19:28Z";"2014-06-06T19:31Z";"2014-06-06T19:36Z";"M1.4";31,4;"S12E25";"-12";"+25";NA;NA
"2014-06-10T06:20Z";"2014-06-10T06:28Z";"2014-06-10T06:44Z";"C2.4";22,4;"S12W25";"-12";"-25";NA;NA
"2014-06-10T06:59Z";"2014-06-10T07:00Z";"2014-06-10T07:10Z";"C1.7";21,7;"S12W25";"-12";"-25";NA;NA
"2014-06-10T08:19Z";"2014-06-10T08:42Z";"2014-06-10T08:46Z";"C3.9";23,9;"S20E90";"-20";"+90";NA;NA
"2014-06-10T10:04Z";"2014-06-10T10:17Z";"2014-06-10T10:44Z";"C5.0";25;"S20E90";"-20";"+90";NA;NA
"2014-06-10T11:38Z";"2014-06-10T11:42Z";"2014-06-10T11:47Z";"X2.2";42,2;"S18E85";"-18";"+85";NA;NA
"2014-06-10T12:38Z";"2014-06-10T12:52Z";"2014-06-10T13:07Z";"X1.5";41,5;"S19E89";"-19";"+89";NA;NA
"2014-06-11T05:30Z";"2014-06-11T05:34Z";"2014-06-11T05:36Z";"M1.8";31,8;"S12W35";"-12";"-35";NA;NA
"2014-06-11T08:00Z";"2014-06-11T08:09Z";"2014-06-11T08:15Z";"M3.0";33;"S18E68";"-18";"+68";NA;NA
"2014-06-11T08:59Z";"2014-06-11T09:06Z";"2014-06-11T09:10Z";"X1.0";41;"S18E66";"-18";"+66";NA;NA
"2014-06-11T20:53Z";"2014-06-11T21:03Z";"2014-06-11T21:10Z";"M3.9";33,9;"S18E59";"-18";"+59";NA;NA
"2014-06-12T04:14Z";"2014-06-12T04:21Z";"2014-06-12T04:32Z";"M2.0";32;"S18E55";"-18";"+55";NA;NA
"2014-06-12T09:24Z";"2014-06-12T09:37Z";"2014-06-12T09:44Z";"M1.8";31,8;"S18W48";"-18";"-48";NA;NA
"2014-06-12T10:14Z";"2014-06-12T10:21Z";"2014-06-12T10:45Z";"M2.7";32,7;"S18E52";"-18";"+52";NA;NA
"2014-06-12T18:03Z";"2014-06-12T18:13Z";"2014-06-12T18:23Z";"M1.3";31,3;"S18E47";"-18";"+47";NA;NA
"2014-06-12T19:56Z";"2014-06-12T20:03Z";"2014-06-12T20:05Z";"M1.1";31,1;"N18E05";"+18";"+05";NA;NA
"2014-06-12T21:01Z";"2014-06-12T21:13Z";"2014-06-12T21:19Z";"M1.0";31;"S18E46";"-18";"+46";NA;NA
"2014-06-12T21:39Z";"2014-06-12T22:16Z";"2014-06-12T22:52Z";"M3.1";33,1;"S23W58";"-23";"-58";NA;NA
"2014-06-13T07:49Z";"2014-06-13T07:56Z";"2014-06-13T07:59Z";"M2.6";32,6;"S18E39";"-18";"+39";NA;NA
"2014-06-14T19:25Z";"2014-06-14T19:29Z";"2014-06-14T19:34Z";"M1.4";31,4;"S10E90";"-10";"+90";NA;NA
"2014-06-15T11:10Z";"2014-06-15T11:39Z";"2014-06-15T11:50Z";"M1.1";31,1;"S19W91";"-19";"-91";NA;NA
"2014-06-15T23:44Z";"2014-06-16T00:01Z";"2014-06-15T00:17Z";"M1.0";31;"S20E08";"-20";"+08";NA;NA
"2014-07-01T11:04Z";"2014-07-01T11:23Z";"2014-07-01T11:50Z";"M1.4";31,4;"N12E60";"+12";"+60";NA;NA
"2014-07-08T16:08Z";"2014-07-08T16:20Z";"2014-07-08T16:30Z";"M6.5";36,5;"N12E56";"+12";"+56";NA;NA
"2014-07-09T00:20Z";"2014-07-09T00:26Z";"2014-07-09T00:33Z";"M1.2";31,2;"N08E50";"+08";"+50";NA;NA
"2014-07-10T22:30Z";"2014-07-10T22:34Z";"2014-07-10T22:37Z";"M1.5";31,5;"N15W85";"+15";"-85";NA;NA
"2014-07-31T11:01Z";"2014-07-31T11:14Z";"2014-07-31T11:21Z";"M2.5";32,5;"S10E51";"-10";"+51";NA;NA
"2014-08-01T14:46Z";"2014-08-01T14:48Z";"2014-08-01T14:57Z";"M2.0";32;"S10E35";"-10";"+35";NA;NA
"2014-08-01T18:00Z";"2014-08-01T18:12Z";"2014-08-01T18:48Z";"M1.5";31,5;"S09E13";"-09";"+13";NA;NA
"2014-08-21T13:19Z";"2014-08-21T13:31Z";"2014-08-21T13:31Z";"M3.4";33,4;"N11E90";"+11";"+90";NA;NA
"2014-08-22T06:18Z";"2014-08-22T06:28Z";"2014-08-22T06:24Z";"M1.2";31,2;"N09E76";"+09";"+76";NA;NA
"2014-08-24T12:00Z";"2014-08-24T12:17Z";"2014-08-24T12:25Z";"M5.9";35,9;"S07E64";"-07";"+64";NA;NA
"2014-08-25T14:46Z";"2014-08-25T15:10Z";"2014-08-25T15:11Z";"M2.0";32;"N06W39";"+06";"-39";NA;NA
"2014-08-25T20:06Z";"2014-08-25T20:21Z";"2014-08-25T20:29Z";"M3.9";33,9;"N07W43";"+07";"-43";NA;NA
"2014-09-03T13:20Z";"2014-09-03T13:53Z";"2014-09-03T13:54Z";"M2.5";32,5;"S15E87";"-15";"+87";NA;NA
"2014-09-06T16:50Z";"2014-09-06T17:09Z";"2014-09-06T17:22Z";"M1.1";31,1;"S15E52";"-15";"+52";NA;NA
"2014-09-08T23:12Z";"2014-09-09T00:28Z";"2014-09-09T01:30Z";"M4.6";34,6;"N14E31";"+14";"+31";NA;NA
"2014-09-10T17:21Z";"2014-09-10T17:45Z";"2014-09-10T18:20Z";"X1.6";41,6;"N15E05";"+15";"+05";NA;NA
"2014-09-11T15:20Z";"2014-09-11T15:25Z";"2014-09-11T15:31Z";"M2.1";32,1;"N15E88";"+15";"+88";NA;NA
"2014-09-11T21:24Z";"2014-09-11T21:26Z";"2014-09-11T21:30Z";"M1.4";31,4;"N14E88";"+14";"+88";NA;NA
"2014-09-14T02:03Z";"2014-09-14T02:16Z";"2014-09-14T02:36Z";"M1.5";31,5;"S14W49";"-14";"-49";NA;NA
"2014-09-18T08:37Z";"2014-09-18T08:41Z";"2014-09-18T08:53Z";"M1.2";31,2;"N04E69";"+04";"+69";NA;NA
"2014-09-23T23:02Z";"2014-09-23T23:15Z";"2014-09-23T23:28Z";"M2.3";32,3;"S30W35";"-30";"-35";NA;NA
"2014-09-27T08:32Z";"2014-09-27T08:37Z";"2014-09-27T08:40Z";"M1.0";31;"N2E90";"+2";"+90";NA;NA
"2014-09-28T02:39Z";"2014-09-28T02:58Z";"2014-09-28T03:19Z";"M5.1";35,1;"S11W17";"-11";"-17";NA;NA
"2014-09-28T16:34Z";"2014-09-28T17:33Z";"2014-09-28T18:00Z";"M1.0";31;"S17W40";"-17";"-40";NA;NA
"2014-10-02T17:10Z";"2014-10-02T17:44Z";"2014-10-02T18:15Z";"M1.5";31,5;"S09W79";"-09";"-79";NA;NA
"2014-10-02T18:49Z";"2014-10-02T19:01Z";"2014-10-02T19:14Z";"M7.3";37,3;"S14W88";"-14";"-88";NA;NA
"2014-10-09T01:30Z";"2014-10-09T01:43Z";"2014-10-09T01:47Z";"M1.3";31,3;"S16W44";"-16";"-44";NA;NA
"2014-10-09T01:54Z";"2014-10-09T01:58Z";"2014-10-09T02:02Z";"M1.4";31,4;"S16W45";"-16";"-45";NA;NA
"2014-10-09T06:48Z";"2014-10-09T06:59Z";"2014-10-09T07:06Z";"M1.2";31,2;"S16W48";"-16";"-48";NA;NA
"2014-10-10T15:42Z";"2014-10-10T16:47Z";"2014-10-10T18:21Z";"C3.0";23;"S14W68";"-14";"-68";NA;NA
"2014-10-14T18:21Z";"2014-10-14T18:37Z";"2014-10-14T18:46Z";"M1.1";31,1;"S12E88";"-12";"+88";NA;NA
"2014-10-14T19:07Z";"2014-10-14T21:21Z";"2014-10-15T00:19Z";"M2.2";32,2;"S11E88";"-11";"+88";NA;NA
"2014-10-16T12:58Z";"2014-10-16T13:03Z";"2014-10-16T13:05Z";"M4.3";34,3;"S13E88";"-13";"+88";NA;NA
"2014-10-18T07:02Z";"2014-10-18T07:58Z";"2014-10-18T08:49Z";"M1.6";31,6;"S14E82";"-14";"+82";NA;NA
"2014-10-19T04:17Z";"2014-10-19T05:01Z";"2014-10-19T05:48Z";"X1.1";41,1;"S14E74";"-14";"+74";NA;NA
"2014-10-20T09:00Z";"2014-10-20T09:11Z";"2014-10-20T09:20Z";"M3.9";33,9;"S16E42";"-16";"+42";NA;NA
"2014-10-20T16:00Z";"2014-10-20T16:37Z";"2014-10-20T16:55Z";"M4.5";34,5;"S14E39";"-14";"+39";NA;NA
"2014-10-20T18:55Z";"2014-10-20T19:02Z";"2014-10-20T19:04Z";"M1.4";31,4;"S15E46";"-15";"+46";NA;NA
"2014-10-20T19:53Z";"2014-10-20T20:04Z";"2014-10-20T20:13Z";"M1.7";31,7;"S13E31";"-13";"+31";NA;NA
"2014-10-20T22:43Z";"2014-10-20T22:55Z";"2014-10-20T23:13Z";"M1.2";31,2;"S14E36";"-14";"+36";NA;NA
"2014-10-21T13:35Z";"2014-10-21T13:38Z";"2014-10-21T13:40Z";"M1.2";31,2;"S14E35";"-14";"+35";NA;NA
"2014-10-22T01:16Z";"2014-10-22T01:59Z";"2014-10-22T02:28Z";"M8.7";38,7;"S13E16";"-13";"+16";NA;NA
"2014-10-22T05:11Z";"2014-10-22T05:17Z";"2014-10-22T05:21Z";"M2.7";32,7;"S15E14";"-15";"+14";NA;NA
"2014-10-22T14:02Z";"2014-10-22T14:28Z";"2014-10-22T14:50Z";"X1.6";41,6;"S14E12";"-14";"+12";NA;NA
"2014-10-22T15:51Z";"2014-10-22T15:57Z";"2014-10-22T16:03Z";"M1.4";31,4;"S11E90";"-11";"+90";NA;NA
"2014-10-23T09:44Z";"2014-10-23T09:50Z";"2014-10-23T09:56Z";"M1.1";31,1;"S12W01";"-12";"-01";NA;NA
"2014-10-24T07:37Z";"2014-10-24T07:48Z";"2014-10-24T07:53Z";"M4.0";34;"S19W05";"-19";"-05";NA;NA
"2014-10-24T21:07Z";"2014-10-24T21:41Z";"2014-10-24T22:13Z";"X3.1";43,1;"S23W22";"-23";"-22";NA;NA
"2014-10-25T16:55Z";"2014-10-25T17:08Z";"2014-10-25T18:11Z";"X1.0";41;"S12W30";"-12";"-30";NA;NA
"2014-10-26T10:04Z";"2014-10-26T10:56Z";"2014-10-26T11:18Z";"X2.0";42;"S12W40";"-12";"-40";NA;NA
"2014-10-26T17:08Z";"2014-10-26T17:17Z";"2014-10-26T17:30Z";"M1.0";31;"S13W38";"-13";"-38";NA;NA
"2014-10-26T18:07Z";"2014-10-26T18:15Z";"2014-10-26T18:20Z";"M4.2";34,2;"S14W37";"-14";"-37";NA;NA
"2014-10-26T18:43Z";"2014-10-26T18:49Z";"2014-10-26T18:56Z";"M1.9";31,9;"S13W38";"-13";"-38";NA;NA
"2014-10-26T19:59Z";"2014-10-26T20:21Z";"2014-10-26T20:45Z";"M2.4";32,4;"S15W45";"-15";"-45";NA;NA
"2014-10-27T00:06Z";"2014-10-27T00:34Z";"2014-10-27T00:44Z";"M7.1";37,1;"S12W47";"-12";"-47";NA;NA
"2014-10-27T01:44Z";"2014-10-27T02:02Z";"2014-10-27T02:11Z";"M1.0";31;"S13W45";"-13";"-45";NA;NA
"2014-10-27T03:35Z";"2014-10-27T03:41Z";"2014-10-27T03:48Z";"M1.3";31,3;"S13W45";"-13";"-45";NA;NA
"2014-10-27T09:59Z";"2014-10-27T10:09Z";"2014-10-27T10:26Z";"M6.7";36,7;"S12W52";"-12";"-52";NA;NA
"2014-10-27T14:12Z";"2014-10-27T14:47Z";"2014-10-27T15:09Z";"X2.0";42;"S12W53";"-12";"-53";NA;NA
"2014-10-27T17:33Z";"2014-10-27T17:40Z";"2014-10-27T17:47Z";"M1.4";31,4;"S12W56";"-12";"-56";NA;NA
"2014-10-28T02:15Z";"2014-10-28T02:42Z";"2014-10-28T03:08Z";"M3.4";33,4;"S14W61";"-14";"-61";NA;NA
"2014-10-28T03:23Z";"2014-10-28T03:32Z";"2014-10-28T03:41Z";"M6.6";36,6;"S14W61";"-14";"-61";NA;NA
"2014-10-28T13:54Z";"2014-10-28T14:06Z";"2014-10-28T14:23Z";"M1.6";31,6;"S18W72";"-18";"-72";NA;NA
"2014-10-29T06:03Z";"2014-10-29T08:20Z";"2014-10-29T08:52Z";"M1.0";31;"S13W75";"-13";"-75";NA;NA
"2014-10-29T09:54Z";"2014-10-29T10:01Z";"2014-10-29T10:06Z";"M1.2";31,2;"S13W75";"-13";"-75";NA;NA
"2014-10-29T14:24Z";"2014-10-29T14:33Z";"2014-10-29T14:51Z";"M1.4";31,4;"S16W81";"-16";"-81";NA;NA
"2014-10-29T16:06Z";"2014-10-29T16:20Z";"2014-10-29T16:33Z";"M1.0";31;"S16W81";"-16";"-81";NA;NA
"2014-10-29T18:47Z";"2014-10-29T18:50Z";"2014-10-29T18:52Z";"M1.3";31,3;"S16W81";"-16";"-81";NA;NA
"2014-10-29T21:18Z";"2014-10-29T21:22Z";"2014-10-29T21:25Z";"M2.3";32,3;"S16W81";"-16";"-81";NA;NA
"2014-10-30T00:34Z";"2014-10-30T00:37Z";"2014-10-30T00:40Z";"M1.3";31,3;"S14W90";"-14";"-90";NA;NA
"2014-10-30T01:19Z";"2014-10-30T01:35Z";"2014-10-30T01:56Z";"M3.5";33,5;"S14W90";"-14";"-90";NA;NA
"2014-10-30T04:17Z";"2014-10-30T04:28Z";"2014-10-30T04:36Z";"M1.2";31,2;"S12W90";"-12";"-90";NA;NA
"2014-11-03T11:23Z";"2014-11-03T11:53Z";"2014-11-03T12:17Z";"M2.2";32,2;"N17E89";"+17";"+89";NA;NA
"2014-11-03T22:15Z";"2014-11-03T22:40Z";"2014-11-03T22:53Z";"M6.5";36,5;"N18E90";"+18";"+90";NA;NA
"2014-11-04T07:59Z";"2014-11-04T08:38Z";"2014-11-04T08:51Z";"M2.6";32,6;"N14E89";"+14";"+89";NA;NA
"2014-11-04T08:52Z";"2014-11-04T09:04Z";"2014-11-04T09:13Z";"M2.3";32,3;"N13E89";"+13";"+89";NA;NA
"2014-11-05T09:26Z";"2014-11-05T09:47Z";"2014-11-05T09:55Z";"M7.9";37,9;"N16E63";"+16";"+63";NA;NA
"2014-11-05T18:50Z";"2014-11-05T19:44Z";"2014-11-05T20:15Z";"M2.9";32,9;"N16E69";"+16";"+69";NA;NA
"2014-11-06T01:29Z";"2014-11-06T01:39Z";"2014-11-06T01:54Z";"M3.2";33,2;"N16E70";"+16";"+70";NA;NA
"2014-11-06T03:32Z";"2014-11-06T03:46Z";"2014-11-06T04:02Z";"M5.4";35,4;"N16E53";"+16";"+53";NA;NA
"2014-11-06T21:53Z";"2014-11-06T22:16Z";"2014-11-06T22:34Z";"M2.5";32,5;"N14E45";"+14";"+45";NA;NA
"2014-11-07T02:05Z";"2014-11-07T02:44Z";"2014-11-07T03:32Z";"M2.7";32,7;"N17E45";"+17";"+45";NA;NA
"2014-11-07T04:12Z";"2014-11-07T04:25Z";"2014-11-07T04:38Z";"M2.0";32;"N17E45";"+17";"+45";NA;NA
"2014-11-07T10:13Z";"2014-11-07T10:22Z";"2014-11-07T10:30Z";"M1.0";31;"N17E42";"+17";"+42";NA;NA
"2014-11-07T16:53Z";"2014-11-07T17:26Z";"2014-11-07T17:34Z";"X1.6";41,6;"N15E35";"+15";"+35";NA;NA
"2014-11-09T15:24Z";"2014-11-09T15:32Z";"2014-11-09T15:38Z";"M2.3";32,3;"N14E11";"+14";"+11";NA;NA
"2014-11-15T11:40Z";"2014-11-15T12:03Z";"2014-11-15T12:10Z";"M3.2";33,2;"S09E63";"-09";"+63";NA;NA
"2014-11-15T20:38Z";"2014-11-15T20:46Z";"2014-11-15T20:50Z";"M3.7";33,7;"S15E44";"-15";"+44";NA;NA
"2014-11-16T17:35Z";"2014-11-16T17:48Z";"2014-11-16T17:57Z";"M5.7";35,7;"S12E46";"-12";"+46";NA;NA
"2014-12-01T06:26Z";"2014-12-01T06:41Z";"2014-12-01T06:59Z";"M1.8";31,8;"S22E17";"-22";"+17";NA;NA
"2014-12-04T08:00Z";"2014-12-04T08:10Z";"2014-12-04T08:21Z";"M1.3";31,3;"S20W26";"-20";"-26";NA;NA
"2014-12-04T18:05Z";"2014-12-04T18:25Z";"2014-12-04T18:56Z";"M6.1";36,1;"S20W32";"-20";"-32";NA;NA
"2014-12-04T19:38Z";"2014-12-04T19:41Z";"2014-12-04T19:44Z";"M1.3";31,3;"S20W32";"-20";"-32";NA;NA
"2014-12-05T11:33Z";"2014-12-05T12:25Z";"2014-12-05T12:47Z";"M1.5";31,5;"S23W41";"-23";"-41";NA;NA
"2014-12-13T05:13Z";"2014-12-13T05:20Z";"2014-12-13T05:25Z";"M1.5";31,5;"S09E84";"-09";"+84";NA;NA
"2014-12-14T19:25Z";"2014-12-14T19:33Z";"2014-12-14T19:39Z";"M1.6";31,6;"S20E44";"-20";"+44";NA;NA
"2014-12-17T00:57Z";"2014-12-17T01:10Z";"2014-12-17T01:20Z";"M1.5";31,5;"S20E08";"-20";"+08";NA;NA
"2014-12-17T01:41Z";"2014-12-17T01:50Z";"2014-12-17T01:57Z";"M1.1";31,1;"S11E37";"-11";"+37";NA;NA
"2014-12-17T04:25Z";"2014-12-17T04:51Z";"2014-12-17T05:20Z";"M8.7";38,7;"S18E08";"-18";"+08";NA;NA
"2014-12-17T18:54Z";"2014-12-17T19:01Z";"2014-12-17T19:20Z";"M1.4";31,4;"S10E23";"-10";"+23";NA;NA
"2014-12-18T21:41Z";"2014-12-18T21:58Z";"2014-12-18T22:25Z";"M6.9";36,9;"S11E10";"-11";"+10";NA;NA
"2014-12-19T09:33Z";"2014-12-19T09:44Z";"2014-12-19T09:54Z";"M1.3";31,3;"S13W40";"-13";"-40";NA;NA
"2014-12-20T00:11Z";"2014-12-20T00:24Z";"2014-12-20T00:55Z";"X1.8";41,8;"S19W28";"-19";"-28";NA;NA
"2014-12-21T07:18Z";"2014-12-21T07:32Z";"2014-12-21T07:51Z";"M1.2";31,2;"S19W49";"-19";"-49";NA;NA
"2014-12-21T11:24Z";"2014-12-21T12:17Z";"2014-12-21T12:57Z";"M1.0";31;"S11W28";"-11";"-28";NA;NA
"2014-12-22T01:33Z";"2014-12-22T01:49Z";"2014-12-22T01:59Z";"M1.0";31;"S18W60";"-18";"-60";NA;NA
"2014-12-27T02:03Z";"2014-12-27T02:16Z";"2014-12-27T02:24Z";"M2.2";32,2;"S10W48";"-10";"-48";NA;NA
"2015-01-03T09:43Z";"2015-01-03T09:47Z";"2015-01-03T09:50Z";"M1.1";31,1;"S05E15";"-05";"+15";NA;NA
"2015-01-04T15:18Z";"2015-01-04T15:36Z";"2015-01-04T15:53Z";"M1.3";31,3;"S05E01";"-05";"+01";NA;NA
"2015-01-13T04:13Z";"2015-01-13T04:24Z";"2015-01-13T04:38Z";"M5.6";35,6;"N07W69";"+07";"-69";NA;NA
"2015-01-13T04:45Z";"2015-01-13T04:58Z";"2015-01-13T05:10Z";"M4.9";34,9;"N07W71";"+07";"-71";NA;NA
"2015-01-14T12:48Z";"2015-01-14T12:57Z";"2015-01-14T13:08Z";"M2.2";32,2;"N07W90";"+07";"-90";NA;NA
"2015-01-22T04:45Z";"2015-01-22T04:52Z";"2015-01-22T05:02Z";"M1.4";31,4;"S10E89";"-10";"+89";NA;NA
"2015-01-26T16:46Z";"2015-01-26T16:53Z";"2015-01-26T16:58Z";"M1.1";31,1;"S09E32";"-09";"+32";NA;NA
"2015-01-28T04:21Z";"2015-01-28T04:41Z";"2015-01-28T04:55Z";"M1.4";31,4;"S10E07";"-10";"+07";NA;NA
"2015-01-28T21:32Z";"2015-01-28T21:37Z";"2015-01-28T21:40Z";"M1.0";31;"N07E74";"+07";"+74";NA;NA
"2015-01-29T11:32Z";"2015-01-29T11:42Z";"2015-01-29T11:52Z";"M2.1";32,1;"S12W09";"-12";"-09";NA;NA
"2015-01-30T00:32Z";"2015-01-30T00:44Z";"2015-01-30T00:44Z";"M2.0";32;"S13W16";"-13";"-16";NA;NA
"2015-01-30T05:29Z";"2015-01-30T05:36Z";"2015-01-30T06:35Z";"M1.7";31,7;"S12W19";"-12";"-19";NA;NA
"2015-01-30T12:10Z";"2015-01-30T12:16Z";"2015-01-30T12:21Z";"M2.4";32,4;"N07E52";"+07";"+52";NA;NA
"2015-02-04T02:10Z";"2015-02-04T02:15Z";"2015-02-04T02:21Z";"M1.2";31,2;"N9W11";"+9";"-11";NA;NA
"2015-02-09T22:59Z";"2015-02-09T23:35Z";"2015-02-10T00:12Z";"M2.4";32,4;"N15E52";"+15";"+52";NA;NA
"2015-02-12T02:00Z";"2015-02-12T02:12Z";"2015-02-12T02:45Z";"C6.0";26;"S7W69";"-7";"-69";NA;NA
"2015-02-24T09:54Z";"2015-02-24T10:57Z";"2015-02-24T11:53Z";"C1.4";21,4;"S21E90";"-21";"+90";NA;NA
"2015-02-28T08:58Z";"2015-02-28T09:39Z";"2015-02-28T10:07Z";"C5.6";25,6;"S15W19";"-15";"-19";NA;NA
"2015-03-02T06:31Z";"2015-03-02T06:39Z";"2015-03-02T06:44Z";"M1.0";31;"N22W86";"+22";"-86";NA;NA
"2015-03-02T09:37Z";"2015-03-02T09:48Z";"2015-03-02T09:58Z";"M1.1";31,1;"N20W86";"+20";"-86";NA;NA
"2015-03-02T15:10Z";"2015-03-02T15:28Z";"2015-03-02T15:37Z";"M3.7";33,7;"N21W86";"+21";"-86";NA;NA
"2015-03-02T19:21Z";"2015-03-02T19:31Z";"2015-03-02T19:36Z";"M4.1";34,1;"N19W87";"+19";"-87";NA;NA
"2015-03-03T01:25Z";"2015-03-03T01:35Z";"2015-03-03T01:42Z";"M8.2";38,2;"N20W86";"+20";"-86";NA;NA
"2015-03-05T17:06Z";"2015-03-05T18:11Z";"2015-03-05T18:26Z";"M1.2";31,2;"S14E90";"-14";"+90";NA;NA
"2015-03-06T04:14Z";"2015-03-06T04:57Z";"2015-03-06T05:27Z";"M3.0";33;"S20E90";"-20";"+90";NA;NA
"2015-03-06T06:55Z";"2015-03-06T08:15Z";"2015-03-06T08:28Z";"M1.5";31,5;"S20E90";"-20";"+90";NA;NA
"2015-03-07T21:45Z";"2015-03-07T22:22Z";"2015-03-07T22:58Z";"M9.2";39,2;"S20E78";"-20";"+78";NA;NA
"2015-03-09T14:22Z";"2015-03-09T14:33Z";"2015-03-09T14:37Z";"M4.5";34,5;"S16E48";"-16";"+48";NA;NA
"2015-03-09T23:29Z";"2015-03-09T23:53Z";"2015-03-10T00:12Z";"M5.8";35,8;"S17E39";"-17";"+39";NA;NA
"2015-03-10T03:19Z";"2015-03-10T03:24Z";"2015-03-10T03:28Z";"M5.1";35,1;"S16E38";"-16";"+38";NA;NA
"2015-03-10T23:46Z";"2015-03-11T00:02Z";"2015-03-11T00:06Z";"M2.9";32,9;"S15E28";"-15";"+28";NA;NA
"2015-03-11T07:10Z";"2015-03-11T07:18Z";"2015-03-11T07:43Z";"M1.8";31,8;"S16E26";"-16";"+26";NA;NA
"2015-03-11T07:51Z";"2015-03-11T07:57Z";"2015-03-11T08:03Z";"M2.6";32,6;"S16E26";"-16";"+26";NA;NA
"2015-03-11T16:11Z";"2015-03-11T16:22Z";"2015-03-11T16:29Z";"X2.2";42,2;"S16E26";"-16";"+26";NA;NA
"2015-03-11T18:37Z";"2015-03-11T18:51Z";"2015-03-11T18:57Z";"M1.0";31;"S16E18";"-16";"+18";NA;NA
"2015-03-12T04:41Z";"2015-03-12T04:46Z";"2015-03-12T04:50Z";"M3.2";33,2;"S15E11";"-15";"+11";NA;NA
"2015-03-12T11:38Z";"2015-03-12T11:50Z";"2015-03-12T12:02Z";"M1.6";31,6;"S17E11";"-17";"+11";NA;NA
"2015-03-12T12:09Z";"2015-03-12T12:14Z";"2015-03-12T12:18Z";"M1.4";31,4;"S18E05";"-18";"+05";NA;NA
"2015-03-12T13:50Z";"2015-03-12T14:08Z";"2015-03-12T14:13Z";"M4.2";34,2;"S14E06";"-14";"+06";NA;NA
"2015-03-12T21:44Z";"2015-03-12T21:51Z";"2015-03-12T21:56Z";"M2.7";32,7;"S15E01";"-15";"+01";NA;NA
"2015-03-13T03:47Z";"2015-03-13T04:01Z";"2015-03-13T04:16Z";"M1.2";31,2;"S17E04";"-17";"+04";NA;NA
"2015-03-13T05:49Z";"2015-03-13T06:07Z";"2015-03-13T06:12Z";"M1.8";31,8;"S14W02";"-14";"-02";NA;NA
"2015-03-14T04:23Z";"2015-03-14T04:40Z";"2015-03-14T04:54Z";"M1.3";31,3;"S15W13";"-15";"-13";NA;NA
"2015-03-15T01:15Z";"2015-03-15T02:13Z";"2015-03-15T02:13Z";"C9.1";29,1;"S22W29";"-22";"-29";NA;NA
"2015-03-15T09:36Z";"2015-03-15T09:40Z";"2015-03-15T09:46Z";"M1.0";31;"S18W24";"-18";"-24";NA;NA
"2015-03-15T22:42Z";"2015-03-15T23:22Z";"2015-03-15T23:38Z";"M1.2";31,2;"S19W32";"-19";"-32";NA;NA
"2015-03-16T10:39Z";"2015-03-16T10:58Z";"2015-03-16T11:17Z";"M1.6";31,6;"S17W38";"-17";"-38";NA;NA
"2015-03-17T22:49Z";"2015-03-17T23:34Z";"2015-03-17T23:48Z";"M1.0";31;"S17W64";"-17";"-64";NA;NA
"2015-04-08T14:37Z";"2015-04-08T14:43Z";"2015-04-08T14:47Z";"M1.4";31,4;"S13W4";"-13";"-4";NA;NA
"2015-04-12T08:51Z";"2015-04-12T09:50Z";"2015-04-12T10:44Z";"M1.1";31,1;"N11E78";"+11";"+78";NA;NA
"2015-04-18T14:03Z";"2015-04-18T14:19Z";"2015-04-18T14:39Z";"C5.2";25,2;"N11W24";"+11";"-24";NA;NA
"2015-04-21T07:08Z";"2015-04-21T07:21Z";"2015-04-21T07:27Z";"M1.0";31;"N09W80";"+09";"-80";NA;NA
"2015-04-21T10:17Z";"2015-04-21T10:40Z";"2015-04-21T10:59Z";"M2.2";32,2;"N16E80";"+16";"+80";NA;NA
"2015-04-21T11:49Z";"2015-04-21T11:57Z";"2015-04-21T12:02Z";"M2.2";32,2;"N09W84";"+09";"-84";NA;NA
"2015-04-21T15:24Z";"2015-04-21T15:45Z";"2015-04-21T15:51Z";"M4.0";34;"N10W80";"+10";"-80";NA;NA
"2015-04-21T16:55Z";"2015-04-21T17:00Z";"2015-04-21T17:09Z";"M2.1";32,1;"N10W80";"+10";"-80";NA;NA
"2015-04-21T21:39Z";"2015-04-21T21:45Z";"2015-04-21T21:55Z";"M1.8";31,8;"N10W80";"+10";"-80";NA;NA
"2015-04-21T21:58Z";"2015-04-21T22:01Z";"2015-04-21T22:04Z";"M1.2";31,2;"N09W80";"+09";"-80";NA;NA
"2015-04-22T08:30Z";"2015-04-22T08:44Z";"2015-04-22T08:58Z";"M1.1";31,1;"N11W91";"+11";"-91";NA;NA
"2015-04-23T09:18Z";"2015-04-23T10:07Z";"2015-04-23T10:07Z";"M1.1";31,1;"N07W80";"+07";"-80";NA;NA
"2015-05-05T09:42Z";"2015-05-05T09:47Z";"2015-05-05T09:51Z";"M1.9";31,9;"N14E82";"+14";"+82";NA;NA
"2015-05-05T13:45Z";"2015-05-05T13:53Z";"2015-05-05T13:56Z";"M1.2";31,2;"N14E82";"+14";"+82";NA;NA
"2015-05-05T14:19Z";"2015-05-05T14:25Z";"2015-05-05T14:32Z";"M1.3";31,3;"S16E17";"-16";"+17";NA;NA
"2015-05-05T17:12Z";"2015-05-05T17:24Z";"2015-05-05T17:30Z";"M2.6";32,6;"S16E15";"-16";"+15";NA;NA
"2015-05-05T22:05Z";"2015-05-05T22:11Z";"2015-05-05T22:15Z";"X2.7";42,7;"N15E79";"+15";"+79";NA;NA
"2015-05-06T11:45Z";"2015-05-06T11:49Z";"2015-05-06T11:51Z";"M1.9";31,9;"N12E63";"+12";"+63";NA;NA
"2015-05-12T02:15Z";"2015-05-12T03:22Z";"2015-05-12T03:42Z";"C2.6";22,6;"S21W83";"-21";"-83";NA;NA
"2015-05-13T18:09Z";"2015-05-13T18:18Z";"2015-05-13T18:38Z";"C9.2";29,2;"N12W17";"+12";"-17";NA;NA
"2015-06-09T03:40Z";"2015-06-09T03:53Z";"2015-06-09T04:09Z";"C5.8";25,8;"N13W18";"+13";"-18";NA;NA
"2015-06-09T19:55Z";"2015-06-09T20:06Z";"2015-06-09T20:20Z";"C2.8";22,8;"S07E22";"-07";"+22";NA;NA
"2015-06-11T08:50Z";"2015-06-11T08:55Z";"2015-06-11T09:00Z";"M1.0";31;"S19E83";"-19";"+83";NA;NA
"2015-06-13T07:20Z";"2015-06-13T07:29Z";"2015-06-13T07:47Z";"M1.3";31,3;"N14W76";"+14";"-76";NA;NA
"2015-06-14T00:52Z";"2015-06-14T00:59Z";"2015-06-14T01:09Z";"M2.0";32;"N14W81";"+14";"-81";NA;NA
"2015-06-18T00:34Z";"2015-06-18T01:27Z";"2015-06-18T01:55Z";"M1.2";31,2;"S13W90";"-13";"-90";NA;NA
"2015-06-18T16:33Z";"2015-06-18T17:36Z";"2015-06-18T18:25Z";"M3.0";33;"N15E45";"+15";"+45";NA;NA
"2015-06-20T06:28Z";"2016-06-20T06:48Z";"2015-06-20T07:09Z";"M1.0";31;"N13E28";"+13";"+28";NA;NA
"2015-06-21T01:02Z";"2015-06-21T01:42Z";"2015-06-21T02:00Z";"M2.0";32;"N13E12";"+13";"+12";NA;NA
"2015-06-21T02:06Z";"2015-06-21T02:36Z";"2015-06-21T03:02Z";"M2.6";32,6;"N13E12";"+13";"+12";NA;NA
"2015-06-21T09:38Z";"2015-06-21T09:44Z";"2015-06-21T09:50Z";"M3.8";33,8;"S20W50";"-20";"-50";NA;NA
"2015-06-21T18:10Z";"2015-06-21T18:20Z";"2015-06-21T18:28Z";"M1.1";31,1;"S20W50";"-20";"-50";NA;NA
"2015-06-22T17:39Z";"2015-06-22T18:23Z";"2015-06-22T18:51Z";"M6.5";36,5;"N13W05";"+13";"-05";NA;NA
"2015-06-24T15:14Z";"2015-06-24T15:29Z";"2015-06-24T16:20Z";"C5.6";25,6;"N12W35";"+12";"-35";NA;NA
"2015-06-25T08:02Z";"2015-06-25T08:16Z";"2015-06-25T09:05Z";"M7.9";37,9;"N13W40";"+13";"-40";NA;NA
"2015-06-29T17:58Z";"2015-06-29T18:07Z";"2015-06-29T18:14Z";"C2.4";22,4;"N16E64";"+16";"+64";NA;NA
"2015-07-03T12:47Z";"2015-07-03T12:51Z";"2015-07-03T12:53Z";"M1.5";31,5;"S17E65";"-17";"+65";NA;NA
"2015-07-06T08:24Z";"2015-07-06T08:44Z";"2015-07-06T08:59Z";"M1.0";31;"N15E37";"+15";"+37";NA;NA
"2015-07-06T20:32Z";"2015-07-06T20:40Z";"2015-07-06T20:50Z";"M1.7";31,7;"N13E34";"+13";"+34";NA;NA
"2015-07-19T09:22Z";"2015-07-19T10:40Z";"2015-07-19T13:02Z";"C2.1";22,1;"S25W62";"-25";"-62";NA;NA
"2015-08-20T05:05Z";"2015-08-20T05:27Z";"2015-08-20T06:22Z";"C3.4";23,4;"S16E44";"-16";"+44";NA;NA
"2015-08-21T01:56Z";"2015-08-21T02:18Z";"2015-08-21T02:36Z";"M1.2";31,2;"S12E38";"-12";"+38";NA;NA
"2015-08-21T09:34Z";"2015-08-21T09:48Z";"2015-08-21T10:07Z";"M1.4";31,4;"S17E26";"-17";"+26";NA;NA
"2015-08-21T19:10Z";"2015-08-21T20:34Z";"2015-08-21T20:50Z";"M1.1";31,1;"S15E28";"-15";"+28";NA;NA
"2015-08-22T06:39Z";"2015-08-22T06:49Z";"2015-08-22T06:59Z";"M1.2";31,2;"S15E13";"-15";"+13";NA;NA
"2015-08-22T13:17Z";"2015-08-22T13:23Z";"2015-08-22T13:29Z";"M2.2";32,2;"S16E19";"-16";"+19";NA;NA
"2015-08-22T21:19Z";"2015-08-22T21:24Z";"2015-08-22T21:28Z";"M3.5";33,5;"S16E15";"-16";"+15";NA;NA
"2015-08-24T07:26Z";"2015-08-24T07:33Z";"2015-08-24T07:35Z";"M5.6";35,6;"S15W04";"-15";"-04";NA;NA
"2015-08-24T17:40Z";"2015-08-24T17:46Z";"2015-08-24T17:49Z";"M1.0";31;"S14W04";"-14";"-04";NA;NA
"2015-08-27T04:48Z";"2015-08-27T05:44Z";"2015-08-27T06:03Z";"M2.9";32,9;"S16W47";"-16";"-47";NA;NA
"2015-08-28T13:04Z";"2015-08-28T13:16Z";"2015-08-28T13:23Z";"M2.2";32,2;"S14W66";"-14";"-66";NA;NA
"2015-08-28T18:56Z";"2015-08-28T19:03Z";"2015-08-28T19:06Z";"M2.1";32,1;"S15W75";"-15";"-75";NA;NA
"2015-08-30T02:01Z";"2015-08-30T03:30Z";"2015-08-30T04:23Z";"M1.4";31,4;"S15W80";"-15";"-80";NA;NA
"2015-09-11T21:30Z";"2015-09-11T21:37Z";NA;"C1.3";21,3;"S10W21";"-10";"-21";NA;NA
"2015-09-20T04:55Z";"2015-09-20T05:03Z";"2015-09-20T05:17Z";"M1.5";31,5;"N09E83";"+09";"+83";NA;NA
"2015-09-20T17:32Z";"2015-09-20T18:03Z";"2015-09-20T18:29Z";"M2.1";32,1;"S22W50";"-22";"-50";NA;NA
"2015-09-27T10:20Z";"2015-09-27T10:40Z";"2015-09-27T10:46Z";"M1.9";31,9;"S10W57";"-10";"-57";NA;NA
"2015-09-27T20:54Z";"2015-09-27T21:00Z";"2015-09-27T21:15Z";"M1.0";31;"S21W15";"-21";"-15";NA;NA
"2015-09-28T03:45Z";"2015-09-28T03:55Z";"2015-09-28T03:59Z";"M3.6";33,6;"S08W71";"-08";"-71";NA;NA
"2015-09-28T07:27Z";"2015-09-28T07:34Z";"2015-09-28T07:46Z";"M1.1";31,1;"S21W22";"-21";"-22";NA;NA
"2015-09-28T13:01Z";"2015-09-28T13:18Z";"2015-09-28T13:29Z";"M1.1";31,1;"S21W22";"-21";"-22";NA;NA
"2015-09-28T14:53Z";"2015-09-28T14:58Z";"2015-09-28T15:03Z";"M7.6";37,6;"S20W23";"-20";"-23";NA;NA
"2015-09-29T03:11Z";"2015-09-29T03:16Z";"2015-09-29T03:31Z";"M1.2";31,2;"S09W80";"-09";"-80";NA;NA
"2015-09-29T03:41Z";"2015-09-29T03:43Z";"2015-09-29T03:53Z";"M1.1";31,1;"S09W88";"-09";"-88";NA;NA
"2015-09-29T04:41Z";"2015-09-29T04:46Z";"2015-09-29T04:55Z";"C5.1";25,1;"S07W79";"-07";"-79";NA;NA
"2015-09-29T05:05Z";"2015-09-29T05:16Z";"2015-09-29T05:33Z";"M2.9";32,9;"S09W80";"-09";"-80";NA;NA
"2015-09-29T05:33Z";"2015-09-29T05:37Z";"2015-09-29T05:39Z";"M1.2";31,2;"S09W80";"-09";"-80";NA;NA
"2015-09-29T05:53Z";"2015-09-29T05:56Z";"2015-09-29T06:04Z";"M1.0";31;"S19W37";"-19";"-37";NA;NA
"2015-09-29T06:15Z";"2015-09-29T06:18Z";"2015-09-29T06:23Z";"C8.6";28,6;"S19W38";"-19";"-38";NA;NA
"2015-09-29T06:39Z";"2015-09-29T06:43Z";"2015-09-29T06:46Z";"M1.4";31,4;"S20W38";"-20";"-38";NA;NA
"2015-09-29T08:46Z";"2015-09-29T08:55Z";"2015-09-29T08:51Z";"M1.3";31,3;"S09W88";"-09";"-88";NA;NA
"2015-09-29T09:22Z";"2015-09-29T09:26Z";"2015-09-29T09:28Z";"C5.2";25,2;"S21W33";"-21";"-33";NA;NA
"2015-09-29T11:09Z";"2015-09-29T11:15Z";"2015-09-29T11:20Z";"M1.6";31,6;"S20W39";"-20";"-39";NA;NA
"2015-09-29T19:20Z";"2015-09-29T19:24Z";"2015-09-29T19:27Z";"M1.1";31,1;"S15W44";"-15";"-44";NA;NA
"2015-09-30T10:49Z";"2015-09-30T10:59Z";"2015-09-30T11:13Z";"M1.3";31,3;"S20W50";"-20";"-50";NA;NA
"2015-09-30T13:18Z";"2015-09-30T13:20Z";"2015-09-30T13:21Z";"M1.1";31,1;"S20W55";"-20";"-55";NA;NA
"2015-10-01T13:03Z";"2015-10-01T13:10Z";"2015-10-01T13:14Z";"M4.5";34,5;"S18W62";"-18";"-62";NA;NA
"2015-10-02T00:08Z";"2015-10-02T00:13Z";"2015-10-02T00:17Z";"M5.5";35,5;"S20W66";"-20";"-66";NA;NA
"2015-10-02T12:21Z";"2015-10-02T12:26Z";"2015-10-02T12:31Z";"M1.0";31;"S20W73";"-20";"-73";NA;NA
"2015-10-02T17:10Z";"2015-10-02T17:18Z";"2015-10-02T17:25Z";"M1.0";31;"S21W78";"-21";"-78";NA;NA
"2015-10-04T02:36Z";"2015-10-04T02:41Z";"2015-10-04T02:48Z";"M1.0";31;"S18W78";"-18";"-78";NA;NA
"2015-10-15T23:27Z";"2015-10-15T23:31Z";"2015-10-15T23:37Z";"M1.1";31,1;"S11E50";"-11";"+50";NA;NA
"2015-10-16T06:11Z";"2015-10-16T06:16Z";"2015-10-16T06:20Z";"M1.1";31,1;"S11E45";"-11";"+45";NA;NA
"2015-10-17T20:09Z";"2015-10-17T20:23Z";"2015-10-17T20:28Z";"M1.1";31,1;"S18E79";"-18";"+79";NA;NA
"2015-10-17T20:35Z";"2015-10-17T20:42Z";"2015-10-17T20:46Z";"M1.5";31,5;"S18E79";"-18";"+79";NA;NA
"2015-10-22T02:13Z";"2015-10-22T03:40Z";"2015-10-22T07:44Z";"C4.4";24,4;"S10W34";"-10";"-34";NA;NA
"2015-10-29T01:03Z";"2015-10-29T01:25Z";"2015-10-29T01:40Z";"C1.1";21,1;"N19W37";"+19";"-37";NA;NA
"2015-10-31T17:48Z";"2015-10-31T17:52Z";"2015-10-31T17:55Z";"M1.0";31;"N08E45";"+08";"+45";NA;NA
"2015-11-03T18:43Z";"2015-11-03T19:09Z";"2015-11-03T19:31Z";"C5.5";25,5;"N09E11";"+09";"+11";NA;NA
"2015-11-04T03:20Z";"2015-11-04T03:25Z";"2015-11-04T03:29Z";"M1.9";31,9;"N14W65";"+14";"-65";NA;NA
"2015-11-04T08:47Z";"2015-11-04T09:00Z";"2015-11-04T09:09Z";"C4.6";24,6;"N16W76";"+16";"-76";NA;NA
"2015-11-04T11:56Z";"2015-11-04T12:03Z";"2015-11-04T12:12Z";"M2.6";32,6;"N16W76";"+16";"-76";NA;NA
"2015-11-04T13:30Z";"2015-11-04T13:52Z";"2015-11-04T14:13Z";"M3.7";33,7;"N06W04";"+06";"-04";NA;NA
"2015-11-09T12:49Z";"2015-11-09T13:12Z";"2015-11-09T13:28Z";"M3.9";33,9;"S12E39";"-12";"+39";NA;NA
"2015-12-01T07:59Z";"2015-12-01T08:10Z";"2015-12-01T08:30Z";"C3.6";23,6;"N10W42";"+10";"-42";NA;NA
"2015-12-16T08:34Z";"2015-12-16T09:03Z";"2015-12-16T09:23Z";"C6.6";26,6;"S14W02";"-14";"-02";NA;NA
"2015-12-21T00:52Z";"2015-12-21T01:03Z";"2015-12-21T01:11Z";"M2.8";32,8;"N01E81";"+01";"+81";NA;NA
"2015-12-21T10:09Z";"2015-12-21T10:19Z";"2015-12-21T10:32Z";"M1.1";31,1;"N01E81";"+01";"+81";NA;NA
"2015-12-22T03:15Z";"2015-12-22T03:34Z";"2015-12-22T03:48Z";"M1.6";31,6;"S22E77";"-22";"+77";NA;NA
"2015-12-22T13:06Z";"2015-12-22T13:38Z";"2015-12-22T13:53Z";"C6.3";26,3;"N05E74";"+05";"+74";NA;NA
"2015-12-23T00:23Z";"2015-12-23T00:40Z";"2015-12-23T00:52Z";"M4.7";34,7;"S21E65";"-21";"+65";NA;NA
"2015-12-24T01:49Z";"2015-12-24T02:12Z";"2015-12-24T02:22Z";"M1.1";31,1;"S21E50";"-21";"+50";NA;NA
"2015-12-28T11:20Z";"2015-12-28T12:45Z";"2015-12-28T14:09Z";"M1.8";31,8;"S22W12";"-22";"-12";NA;NA
"2015-12-29T10:11Z";"2015-12-29T10:32Z";"2015-12-29T10:43Z";"C6.8";26,8;"S19W23";"-19";"-23";NA;NA
"2016-01-01T23:00Z";"2015-01-02T00:10Z";NA;"M2.3";32,3;"S21W73";"-21";"-73";NA;NA
"2016-01-28T11:48Z";"2016-01-28T12:02Z";"2016-01-28T12:56Z";"C9.6";29,6;"N03W47";"+03";"-47";NA;NA
"2016-02-04T18:15Z";"2016-02-04T18:22Z";"2016-02-04T18:28Z";"C5.1";25,1;"S11E13";"-11";"+13";NA;NA
"2016-02-11T20:18Z";"2016-02-11T21:03Z";"2016-02-11T22:27Z";"C8.9";28,9;"N11W11";"+11";"-11";NA;NA
"2016-02-12T10:37Z";"2016-02-12T10:47Z";"2016-02-12T10:53Z";"M1.0";31;"N11W14";"+11";"-14";NA;NA
"2016-02-13T15:18Z";"2016-02-13T15:24Z";"2016-02-13T15:26Z";"M1.8";31,8;"N14W28";"+14";"-28";NA;NA
"2016-02-14T19:20Z";"2016-02-14T19:26Z";"2016-02-14T19:29Z";"M1.0";31;"N12W47";"+12";"-47";NA;NA
"2016-02-15T10:41Z";"2016-02-15T11:00Z";"2016-02-15T11:06Z";"M1.1";31,1;"N11W54";"+11";"-54";NA;NA
"2016-02-17T04:54Z";"2016-02-17T05:01Z";"2016-02-17T05:07Z";"C9.4";29,4;"N17W82";"+17";"-82";NA;NA
"2016-03-16T06:34Z";"2016-03-16T06:45Z";"2016-03-16T06:57Z";"C2.2";22,2;"N12W88";"+12";"-88";NA;NA
"2016-04-09T12:08Z";"2016-04-09T13:42Z";"2016-04-09T16:00Z";"C2.8";22,8;"N11E60";"+11";"+60";NA;NA
"2016-04-18T00:14Z";"2016-04-18T00:29Z";"2016-04-18T00:39Z";"M6.7";36,7;"N10W51";"+10";"-51";NA;NA
"2016-06-27T09:42Z";"2016-06-27T09:58Z";"2016-06-27T10:24Z";"B5.8";15,8;"N14E42";"+14";"+42";NA;NA
"2016-07-07T07:49Z";"2016-07-07T07:56Z";NA;"C5.1";25,1;"S16W35";"-16";"-35";NA;NA
"2016-07-10T00:53Z";"2016-07-10T00:59Z";NA;"C8.6";28,6;"N12E67";"+12";"+67";NA;NA
"2016-07-21T00:41Z";"2016-07-21T00:46Z";"2016-07-21T01:15Z";"M1.2";31,2;"N5W38";"+5";"-38";NA;NA
"2016-07-21T01:34Z";"2016-07-21T01:48Z";"2016-07-21T03:15Z";"M1.0";31;"N5W40";"+5";"-40";NA;NA
"2016-07-23T01:46Z";"2016-07-23T02:11Z";"2016-07-23T02:23Z";"M5.0";35;"N05W73";"+05";"-73";NA;NA
"2016-07-23T05:00Z";"2016-07-23T05:16Z";"2016-07-23T05:24Z";"M7.6";37,6;"N05W73";"+05";"-73";NA;NA
"2016-07-23T05:27Z";"2016-07-23T05:31Z";"2016-07-23T05:33Z";"M5.5";35,5;"N05W75";"+05";"-75";NA;NA
"2016-07-24T06:09Z";"2016-07-24T06:20Z";"2016-07-24T06:32Z";"M2.0";32;"N06W89";"+06";"-89";NA;NA
"2016-07-24T17:30Z";"2016-07-24T17:43Z";"2016-07-24T18:12Z";"M1.9";31,9;"N07W89";"+07";"-89";NA;NA
"2016-08-07T14:37Z";"2016-08-07T14:44Z";"2016-08-07T14:48Z";"M1.3";31,3;"S10W90";"-10";"-90";NA;NA
"2016-08-09T00:34Z";"2016-08-09T00:42Z";"2016-08-09T00:52Z";"C8.9";28,9;"S1E73";"-1";"+73";NA;NA
"2016-11-29T17:19Z";"2016-11-29T17:23Z";"2016-11-29T17:26Z";"M1.0";31;"S08E54";"-08";"+54";NA;NA
"2016-11-29T23:29Z";"2016-11-29T23:38Z";"2016-11-30T23:40Z";"M1.2";31,2;"S08E54";"-08";"+54";NA;NA
"2016-12-10T16:48Z";"2016-12-10T17:15Z";"2016-12-10T17:35Z";"C4.0";24;"S07W89";"-07";"-89";NA;NA
"2017-01-21T07:23Z";"2017-01-21T07:26Z";"2017-01-21T07:37Z";"C9.3";29,3;"N12E45";"+12";"+45";NA;NA
"2017-03-27T11:07Z";"2017-03-27T11:12Z";"2017-03-27T12:43Z";"C3.2";23,2;"S10E65";"-10";"+65";NA;NA
"2017-03-27T17:55Z";"2017-03-27T18:20Z";"2017-03-27T18:47Z";"C5.1";25,1;"S10E60";"-10";"+60";NA;NA
"2017-04-01T19:30Z";"2017-04-01T19:56Z";"2017-04-01T20:13Z";"C3.7";23,7;"N14W53";"+14";"-53";NA;NA
"2017-04-01T21:35Z";"2017-04-01T21:48Z";"2017-04-01T22:05Z";"M4.4";34,4;"S13W54";"-13";"-54";NA;NA
"2017-04-02T02:43Z";"2017-04-02T02:46Z";"2017-04-02T02:51Z";"C8.0";28;"S11W14";"-11";"-14";NA;NA
"2017-04-02T07:48Z";"2017-04-02T08:02Z";"2017-04-02T08:13Z";"M5.3";35,3;"N12W56";"+12";"-56";NA;NA
"2017-04-02T12:54Z";"2017-04-02T13:00Z";"2017-04-02T13:11Z";"M2.3";32,3;"N12W59";"+12";"-59";NA;NA
"2017-04-02T18:18Z";"2017-04-02T18:38Z";"2017-04-02T19:28Z";"M2.1";32,1;"N12W66";"+12";"-66";NA;NA
"2017-04-02T20:28Z";"2017-04-02T20:33Z";"2017-04-02T20:38Z";"M5.7";35,7;"N15W65";"+15";"-65";NA;NA
"2017-04-03T00:54Z";"2017-04-03T01:05Z";"2017-04-03T01:12Z";"M1.2";31,2;"N12W66";"+12";"-66";NA;NA
"2017-04-03T14:21Z";"2017-04-03T14:29Z";"2017-04-03T14:34Z";"M5.8";35,8;"N16W78";"+16";"-78";NA;NA
"2017-04-18T09:29Z";"2017-04-18T09:41Z";NA;"C3.3";23,3;"N09E84";"+09";"+84";NA;NA
"2017-04-18T19:15Z";"2017-04-18T20:10Z";NA;"C5.5";25,5;"N09E84";"+09";"+84";NA;NA
